Pos_Threshold,Pos_Density,Neg_Threshold,Neg_Density
-2.18635398802894,0.000145260704686,-2.18635398802894,0.055961048945386
-2.18150231032116,0.00015377671591,-2.18150231032116,0.05719755931828
-2.17665063261338,0.000162730760084,-2.17665063261338,0.058449090081656
-2.1717989549056,0.000172141464594,-2.1717989549056,0.059716065298789
-2.16694727719782,0.000182028018646,-2.16694727719782,0.0609989454917
-2.16209559949004,0.000192410177476,-2.16209559949004,0.062298227390619
-2.15724392178226,0.000203308265856,-2.15724392178226,0.063614443498315
-2.15239224407448,0.000214743180831,-2.15239224407448,0.064948161466382
-2.1475405663667,0.000226736393687,-2.1475405663667,0.06629998328144
-2.14268888865892,0.000239309951071,-2.14268888865892,0.067670544260201
-2.13783721095114,0.000252486475262,-2.13783721095114,0.069060511853291
-2.13298553324336,0.00026628916354,-2.13298553324336,0.070470584258699
-2.12813385553558,0.000280741786616,-2.12813385553558,0.071901488846767
-2.1232821778278,0.000295868686105,-2.1232821778278,0.073353980399613
-2.11843050012002,0.000311694770994,-2.11843050012002,0.074828839168904
-2.11357882241224,0.000328245513091,-2.11357882241224,0.076326868756936
-2.10872714470446,0.000345546941417,-2.10872714470446,0.077848893826956
-2.10387546699668,0.000363625635519,-2.10387546699668,0.07939575764968
-2.0990237892889,0.000382508717687,-2.0990237892889,0.080968319493917
-2.09417211158112,0.000402223844044,-2.09417211158112,0.08256745187018
-2.08932043387334,0.000422799194512,-2.08932043387334,0.084194037637077
-2.08446875616556,0.000444263461611,-2.08446875616556,0.085848966981147
-2.07961707845778,0.000466645838113,-2.07961707845778,0.087533134281672
-2.07476540075,0.000489976003523,-2.07476540075,0.089247434872772
-2.06991372304221,0.00051428410939,-2.06991372304221,0.090992761715837
-2.06506204533443,0.000539600763459,-2.06506204533443,0.092770001996047
-2.06021036762665,0.000565957012653,-2.06021036762665,0.094580033657342
-2.05535868991887,0.000593384324914,-2.05535868991887,0.096423721890778
-2.05050701221109,0.000621914569903,-2.05050701221109,0.098301915591688
-2.04565533450331,0.000651579998593,-2.04565533450331,0.100215443801484
-2.04080365679553,0.000682413221768,-2.04080365679553,0.102165112150307
-2.03595197908775,0.000714447187474,-2.03595197908775,0.104151699316959
-2.03110030137997,0.000747715157438,-2.03110030137997,0.106175953522768
-2.02624862367219,0.000782250682525,-2.02624862367219,0.108238589076148
-2.02139694596441,0.000818087577253,-2.02139694596441,0.11034028298462
-2.01654526825663,0.000855259893443,-2.01654526825663,0.112481671651013
-2.01169359054885,0.000893801893048,-2.01169359054885,0.114663347670432
-2.00684191284107,0.000933748020244,-2.00684191284107,0.116885856744345
-2.00199023513329,0.000975132872835,-2.00199023513329,0.119149694727841
-1.99713855742551,0.001017991173077,-1.99713855742551,0.121455304825723
-1.99228687971773,0.001062357737977,-1.99228687971773,0.123803074952633
-1.98743520200995,0.001108267449191,-1.98743520200995,0.126193335271875
-1.98258352430217,0.001155755222593,-1.98258352430217,0.128626355926965
-1.97773184659439,0.001204855977634,-1.97773184659439,0.131102344979265
-1.97288016888661,0.001255604606594,-1.97288016888661,0.13362144656429
-1.96802849117883,0.001308035943853,-1.96802849117883,0.136183739278463
-1.96317681347105,0.001362184735299,-1.96317681347105,0.138789234807193
-1.95832513576327,0.001418085607992,-1.95832513576327,0.141437876804238
-1.95347345805549,0.001475773040239,-1.95347345805549,0.144129540031278
-1.94862178034771,0.001535281332204,-1.94862178034771,0.14686402976564
-1.94377010263993,0.001596644577199,-1.94377010263993,0.149641081482977
-1.93891842493215,0.001659896633812,-1.93891842493215,0.152460360820613
-1.93406674722437,0.001725071099021,-1.93406674722437,0.155321463826117
-1.92921506951659,0.001792201282454,-1.92921506951659,0.158223917494459
-1.92436339180881,0.001861320181952,-1.92436339180881,0.161167180595941
-1.91951171410103,0.001932460460607,-1.91951171410103,0.164150644795836
-1.91466003639325,0.002005654425438,-1.91466003639325,0.167173636065475
-1.90980835868547,0.002080934007874,-1.90980835868547,0.170235416383279
-1.90495668097769,0.002158330746218,-1.90495668097769,0.173335185722983
-1.90010500326991,0.002237875770258,-1.90010500326991,0.17647208432512
-1.89525332556213,0.00231959978821,-1.89525332556213,0.179645195246564
-1.89040164785435,0.002403533076151,-1.89040164785435,0.182853547181788
-1.88554997014657,0.002489705470127,-1.88554997014657,0.186096117548281
-1.88069829243879,0.00257814636109,-1.88069829243879,0.189371835827448
-1.87584661473101,0.002668884692851,-1.87584661473101,0.19267958715118
-1.87099493702323,0.002761948963198,-1.87099493702323,0.196018216123225
-1.86614325931545,0.002857367228348,-1.86614325931545,0.199386530863435
-1.86129158160767,0.002955167110884,-1.86129158160767,0.202783307261976
-1.85643990389989,0.003055375811337,-1.85643990389989,0.206207293429648
-1.85158822619211,0.003158020123537,-1.85158822619211,0.209657214329553
-1.84673654848433,0.003263126453901,-1.84673654848433,0.21313177657453
-1.84188487077655,0.003370720844758,-1.84188487077655,0.216629673373966
-1.83703319306877,0.003480829001848,-1.83703319306877,0.220149589612902
-1.83218151536099,0.003593476326098,-1.83218151536099,0.223690207045653
-1.8273298376532,0.003708687949782,-1.8273298376532,0.227250209585605
-1.82247815994542,0.003826488777151,-1.82247815994542,0.230828288672296
-1.81762648223764,0.003946903529597,-1.81762648223764,0.23442314869641
-1.81277480452986,0.004069956795443,-1.81277480452986,0.238033512462976
-1.80792312682208,0.004195673084374,-1.80792312682208,0.241658126672649
-1.8030714491143,0.004324076886571,-1.8030714491143,0.245295767400782
-1.79821977140652,0.004455192736552,-1.79821977140652,0.248945245553739
-1.79336809369874,0.004589045281726,-1.79336809369874,0.252605412281817
-1.78851641599096,0.004725659355649,-1.78851641599096,0.256275164328094
-1.78366473828318,0.004865060055952,-1.78366473828318,0.259953449292514
-1.7788130605754,0.005007272826874,-1.7788130605754,0.263639270790649
-1.77396138286762,0.005152323546361,-1.77396138286762,0.267331693486687
-1.76910970515984,0.00530023861761,-1.76910970515984,0.271029847980456
-1.76425802745206,0.005451045064978,-1.76425802745206,0.274732935528546
-1.75940634974428,0.005604770634102,-1.75940634974428,0.278440232579988
-1.7545546720365,0.005761443896107,-1.7545546720365,0.282151095107298
-1.74970299432872,0.005921094355705,-1.74970299432872,0.285864962714236
-1.74485131662094,0.006083752563011,-1.74485131662094,0.289581362502121
-1.73999963891316,0.006249450228863,-1.73999963891316,0.293299912677136
-1.73514796120538,0.006418220343397,-1.73514796120538,0.297020325881742
-1.7302962834976,0.006590097297635,-1.7302962834976,0.300742412233974
-1.72544460578982,0.006765117007806,-1.72544460578982,0.30446608205918
-1.72059292808204,0.006943317042091,-1.72059292808204,0.308191348299562
-1.71574125037426,0.00712473674949,-1.71574125037426,0.311918328587718
-1.71088957266648,0.00730941739045,-1.71088957266648,0.315647246971313
-1.7060378949587,0.007497402268909,-1.7060378949587,0.319378435276912
-1.70118621725092,0.007688736865367,-1.70118621725092,0.323112334102045
-1.69633453954314,0.007883468970588,-1.69633453954314,0.326849493425549
-1.69148286183536,0.008081648819506,-1.69148286183536,0.330590572827345
-1.68663118412758,0.008283329224916,-1.68663118412758,0.334336341309877
-1.6817795064198,0.008488565710473,-1.6817795064198,0.338087676714589
-1.67692782871202,0.008697416642553,-1.67692782871202,0.341845564727993
-1.67207615100424,0.008909943360474,-1.67207615100424,0.345611097473052
-1.66722447329646,0.009126210304589,-1.66722447329646,0.349385471682851
-1.66237279558868,0.009346285141742,-1.66237279558868,0.353169986454755
-1.6575211178809,0.009570238887551,-1.6575211178809,0.356966040584552
-1.65266944017312,0.009798146025008,-1.65266944017312,0.36077512948132
-1.64781776246534,0.010030084618838,-1.64781776246534,0.364598841665109
-1.64296608475756,0.010266136425081,-1.64296608475756,0.368438854850815
-1.63811440704978,0.010506386995338,-1.63811440704978,0.372296931622968
-1.633262729342,0.010750925775135,-1.633262729342,0.376174914707468
-1.62841105163422,0.010999846195834,-1.62841105163422,0.380074721847673
-1.62355937392644,0.011253245759548,-1.62355937392644,0.383998340293544
-1.61870769621866,0.011511226116499,-1.61870769621866,0.387947820913918
-1.61385601851088,0.01177389313426,-1.61385601851088,0.391925271943284
-1.6090043408031,0.012041356958349,-1.6090043408031,0.395932852375774
-1.60415266309532,0.012313732063624,-1.60415266309532,0.399972765020344
-1.59930098538754,0.012591137295963,-1.59930098538754,0.404047249232464
-1.59444930767976,0.012873695903696,-1.59444930767976,0.408158573338822
-1.58959762997198,0.013161535558299,-1.58959762997198,0.41230902677282
-1.58474595226419,0.013454788363859,-1.58474595226419,0.41650091193984
-1.57989427455641,0.013753590854829,-1.57989427455641,0.420736535832393
-1.57504259684863,0.014058083981642,-1.57504259684863,0.42501820141638
-1.57019091914085,0.014368413083739,-1.57019091914085,0.429348198810813
-1.56533924143307,0.014684727849606,-1.56533924143307,0.433728796284292
-1.56048756372529,0.015007182263455,-1.56048756372529,0.438162231092561
-1.55563588601751,0.015335934538174,-1.55563588601751,0.442650700182326
-1.55078420830973,0.015671147034243,-1.55078420830973,0.447196350787393
-1.54593253060195,0.016012986164309,-1.54593253060195,0.451801270943916
-1.54108085289417,0.016361622283169,-1.54108085289417,0.45646747995226
-1.53622917518639,0.016717229562923,-1.53622917518639,0.461196918813618
-1.53137749747861,0.01707998585313,-1.53137749747861,0.465991440669997
-1.52652581977083,0.017450072525781,-1.52652581977083,0.470852801276723
-1.52167414206305,0.017827674305004,-1.52167414206305,0.475782649536878
-1.51682246435527,0.018212979081409,-1.51682246435527,0.480782518127432
-1.51197078664749,0.018606177711047,-1.51197078664749,0.485853814246954
-1.50711910893971,0.019007463798984,-1.50711910893971,0.490997810514875
-1.50226743123193,0.019417033467546,-1.50226743123193,0.496215636052257
-1.49741575352415,0.019835085109326,-1.49741575352415,0.501508267773871
-1.49256407581637,0.020261819125094,-1.49256407581637,0.506876521921199
-1.48771239810859,0.020697437646791,-1.48771239810859,0.512321045865589
-1.48286072040081,0.021142144245826,-1.48286072040081,0.517842310210392
-1.47800904269303,0.021596143626969,-1.47800904269303,0.523440601220362
-1.47315736498525,0.022059641308138,-1.47315736498525,0.529116013605946
-1.46830568727747,0.022532843286454,-1.46830568727747,0.534868443689355
-1.46345400956969,0.023015955690964,-1.46345400956969,0.540697582978466
-1.45860233186191,0.023509184422498,-1.45860233186191,0.546602912173649
-1.45375065415413,0.024012734781141,-1.45375065415413,0.552583695631602
-1.44889897644635,0.024526811081868,-1.44889897644635,0.55863897630912
-1.44404729873857,0.025051616258924,-1.44404729873857,0.564767571208538
-1.43919562103079,0.025587351459574,-1.43919562103079,0.570968067345264
-1.43434394332301,0.026134215627882,-1.43434394332301,0.577238818256475
-1.42949226561523,0.026692405079227,-1.42949226561523,0.583577941068554
-1.42464058790745,0.027262113066295,-1.42464058790745,0.589983314139379
-1.41978891019967,0.027843529337326,-1.41978891019967,0.596452575289946
-1.41493723249189,0.02843683968743,-1.41493723249189,0.602983120638209
-1.41008555478411,0.029042225503807,-1.41008555478411,0.609572104046312
-1.40523387707633,0.029659863305763,-1.40523387707633,0.616216437190654
-1.40038219936855,0.03028992428041,-1.40038219936855,0.622912790262476
-1.39553052166077,0.030932573814994,-1.39553052166077,0.629657593304842
-1.39067884395299,0.031587971026797,-1.39067884395299,0.636447038190066
-1.38582716624521,0.032256268291601,-1.38582716624521,0.643277081239805
-1.38097548853743,0.032937610771708,-1.38097548853743,0.650143446488175
-1.37612381082965,0.033632135944525,-1.37612381082965,0.657041629586386
-1.37127213312187,0.03433997313276,-1.37127213312187,0.663966902345562
-1.36642045541409,0.035061243037256,-1.36642045541409,0.670914317912546
-1.36156877770631,0.035796057273526,-1.36156877770631,0.677878716571648
-1.35671709999853,0.036544517913045,-1.35671709999853,0.684854732163539
-1.35186542229075,0.037306717030367,-1.35186542229075,0.691836799110635
-1.34701374458297,0.038082736257128,-1.34701374458297,0.698819160036636
-1.34216206687518,0.038872646344003,-1.34216206687518,0.70579587396612
-1.3373103891674,0.039676506731676,-1.3373103891674,0.712760825088453
-1.33245871145962,0.040494365131885,-1.33245871145962,0.719707732068623
-1.32760703375184,0.04132625711958,-1.32760703375184,0.726630157886061
-1.32275535604406,0.042172205737228,-1.32275535604406,0.733521520180962
-1.31790367833628,0.043032221112296,-1.31790367833628,0.740375102086165
-1.3130520006285,0.043906300088894,-1.3130520006285,0.747184063521265
-1.30820032292072,0.044794425874589,-1.30820032292072,0.753941452924244
-1.30334864521294,0.045696567703322,-1.30334864521294,0.76064021939469
-1.29849696750516,0.046612680515388,-1.29849696750516,0.767273225221405
-1.29364528979738,0.047542704655378,-1.29364528979738,0.773833258766116
-1.2887936120896,0.048486565588963,-1.2887936120896,0.780313047673895
-1.28394193438182,0.049444173639382,-1.28394193438182,0.786705272379915
-1.27909025667404,0.050415423744434,-1.27909025667404,0.793002579881256
-1.27423857896626,0.051400195234773,-1.27423857896626,0.799197597741582
-1.26938690125848,0.052398351634238,-1.26938690125848,0.805282948295799
-1.2645352235507,0.053409740482932,-1.2645352235507,0.81125126302105
-1.25968354584292,0.054434193183714,-1.25968354584292,0.817095197039797
-1.25483186813514,0.05547152487273,-1.25483186813514,0.82280744372022
-1.24998019042736,0.056521534314558,-1.24998019042736,0.828380749338645
-1.24512851271958,0.057584003822515,-1.24512851271958,0.833807927768376
-1.2402768350118,0.058658699204605,-1.2402768350118,0.839081875158951
-1.23542515730402,0.059745369735559,-1.23542515730402,0.844195584569636
-1.23057347959624,0.060843748155367,-1.23057347959624,0.849142160520819
-1.22572180188846,0.061953550694641,-1.22572180188846,0.853914833426888
-1.22087012418068,0.063074477127116,-1.22087012418068,0.858506973874184
-1.2160184464729,0.064206210849543,-1.2160184464729,0.862912106707758
-1.21116676876512,0.065348418989157,-1.21116676876512,0.867123924890773
-1.20631509105734,0.066500752538894,-1.20631509105734,0.871136303100741
-1.20146341334956,0.067662846520437,-1.20146341334956,0.874943311027076
-1.19661173564178,0.068834320175149,-1.19661173564178,0.878539226334936
-1.191760057934,0.070014777182895,-1.191760057934,0.881918547260828
-1.18690838022622,0.071203805908688,-1.18690838022622,0.88507600480611
-1.18205670251844,0.072400979677077,-1.18205670251844,0.888006574495238
-1.17720502481066,0.07360585707411,-1.17720502481066,0.890705487666407
-1.17235334710288,0.074817982276677,-1.17235334710288,0.893168242263174
-1.1675016693951,0.076036885408987,-1.1675016693951,0.895390613096665
-1.16264999168732,0.077262082925879,-1.16264999168732,0.897368661549057
-1.15779831397954,0.078493078022621,-1.15779831397954,0.899098744690249
-1.15294663627176,0.079729361070807,-1.15294663627176,0.900577523780979
-1.14809495856398,0.08097041007992,-1.14809495856398,0.901801972136983
-1.1432432808562,0.08221569118407,-1.1432432808562,0.902769382330387
-1.13839160314842,0.083464659153384,-1.13839160314842,0.903477372706064
-1.13353992544064,0.084716757929487,-1.13353992544064,0.90392389319243
-1.12868824773286,0.085971421184445,-1.12868824773286,0.904107230387951
-1.12383657002508,0.087228072902542,-1.12383657002508,0.904026011906503
-1.1189848923173,0.088486127984169,-1.1189848923173,0.903679209966751
-1.11413321460952,0.089744992871125,-1.11413321460952,0.903066144212729
-1.10928153690174,0.091004066192535,-1.10928153690174,0.902186483755
-1.10442985919396,0.092262739430603,-1.10442985919396,0.901040248423972
-1.09957818148618,0.093520397605333,-1.09957818148618,0.899627809229224
-1.09472650377839,0.094776419977375,-1.09472650377839,0.897949888021105
-1.08987482607061,0.09603018076806,-1.08987482607061,0.896007556353202
-1.08502314836283,0.097281049895705,-1.08502314836283,0.893802233546805
-1.08017147065505,0.098528393727211,-1.08017147065505,0.891335683960918
-1.07531979294727,0.099771575843952,-1.07531979294727,0.888610013473954
-1.07046811523949,0.101009957820941,-1.07046811523949,0.885627665185716
-1.06561643753171,0.102242900018205,-1.06561643753171,0.882391414350884
-1.06076475982393,0.103469762383307,-1.06076475982393,0.878904362557699
-1.05591308211615,0.104689905263899,-1.05591308211615,0.87516993116809
-1.05106140440837,0.105902690229192,-1.05106140440837,0.871191854037999
-1.04620972670059,0.107107480899189,-1.04620972670059,0.866974169539035
-1.04135804899281,0.108303643780517,-1.04135804899281,0.862521211905091
-1.03650637128503,0.109490549107678,-1.03650637128503,0.857837601929771
-1.03165469357725,0.110667571688504,-1.03165469357725,0.852928237042802
-1.02680301586947,0.111834091752609,-1.02680301586947,0.847798280795712
-1.02195133816169,0.112989495801591,-1.02195133816169,0.842453151789147
-1.01709966045391,0.11413317745975,-1.01709966045391,0.836898512076049
-1.01224798274613,0.115264538324044,-1.01224798274613,0.831140255076819
-1.00739630503835,0.116382988812024,-1.00739630503835,0.825184493044149
-1.00254462733057,0.117487949006462,-1.00254462733057,0.819037544116773
-0.997692949622791,0.118578849495377,-0.997692949622791,0.812705919002703
-0.99284127191501,0.119655132206174,-0.99284127191501,0.806196307333702
-0.98798959420723,0.120716251232574,-0.98798959420723,0.799515563733705
-0.98313791649945,0.12176167365305,-0.98313791649945,0.79267069364475
-0.97828623879167,0.122790880339442,-0.97828623879167,0.785668838954572
-0.97343456108389,0.123803366754453,-0.97343456108389,0.778517263470394
-0.968582883376109,0.124798643736704,-0.968582883376109,0.771223338283746
-0.963731205668329,0.125776238272057,-0.963731205668329,0.763794527071059
-0.958879527960549,0.126735694249886,-0.958879527960549,0.756238371374658
-0.954027850252769,0.12767657320301,-0.954027850252769,0.748562475908365
-0.949176172544989,0.128598455029986,-0.949176172544989,0.740774493931284
-0.944324494837208,0.129500938698501,-0.944324494837208,0.732882112732614
-0.939472817129428,0.130383642928562,-0.939472817129428,0.724893039269279
-0.934621139421648,0.131246206854256,-0.934621139421648,0.716814985997036
-0.929769461713868,0.132088290662825,-0.929769461713868,0.708655656934322
-0.924917784006088,0.132909576209826,-0.924917784006088,0.700422733996592
-0.920066106298308,0.133709767609179,-0.920066106298308,0.692123863637215
-0.915214428590527,0.134488591796912,-0.915214428590527,0.683766643829116
-0.910362750882747,0.135245799067439,-0.910362750882747,0.675358611419401
-0.905511073174967,0.135981163581247,-0.905511073174967,0.666907229887068
-0.900659395467187,0.136694483842862,-0.900659395467187,0.658419877531702
-0.895807717759407,0.137385583148035,-0.895807717759407,0.649903836118721
-0.890956040051626,0.138054309999081,-0.890956040051626,0.641366280004318
-0.886104362343846,0.138700538487382,-0.886104362343846,0.632814265760819
-0.881252684636066,0.139324168642055,-0.881252684636066,0.624254722320614
-0.876401006928286,0.139925126743861,-0.876401006928286,0.615694441654274
-0.871549329220505,0.140503365603456,-0.871549329220505,0.607140069995906
-0.866697651512725,0.141058864803136,-0.866697651512725,0.598598099626221
-0.861845973804945,0.141591630901258,-0.861845973804945,0.590074861221204
-0.856994296097165,0.142101697598605,-0.856994296097165,0.581576516771806
-0.852142618389385,0.142589125865954,-0.852142618389385,0.573109053077532
-0.847290940681604,0.143054004032231,-0.847290940681604,0.564678275814438
-0.842439262973824,0.143496447832625,-0.842439262973824,0.556289804175668
-0.837587585266044,0.143916600416137,-0.837587585266044,0.547949066080448
-0.832735907558264,0.144314632312085,-0.832735907558264,0.539661293945267
-0.827884229850484,0.144690741355131,-0.827884229850484,0.531431521008987
-0.823032552142703,0.145045152568497,-0.823032552142703,0.523264578201688
-0.818180874434923,0.145378118005063,-0.818180874434923,0.515165091545278
-0.813329196727143,0.145689916546135,-0.813329196727143,0.507137480072303
-0.808477519019363,0.145980853657731,-0.808477519019363,0.499185954247871
-0.803625841311583,0.146251261104297,-0.803625841311583,0.491314514878316
-0.798774163603803,0.146501496619861,-0.798774163603803,0.483526952489038
-0.793922485896022,0.14673194353667,-0.793922485896022,0.475826847152977
-0.789070808188242,0.146943010371476,-0.789070808188242,0.468217568750312
-0.784219130480462,0.147135130369659,-0.784219130480462,0.460702277639338
-0.779367452772682,0.147308761007519,-0.779367452772682,0.453283925717929
-0.774515775064901,0.147464383453078,-0.774515775064901,0.445965257854662
-0.769664097357121,0.147602501985864,-0.769664097357121,0.438748813668474
-0.764812419649341,0.147723643376206,-0.764812419649341,0.431636929635685
-0.759960741941561,0.147828356224649,-0.759960741941561,0.424631741503293
-0.755109064233781,0.147917210262189,-0.755109064233781,0.417735186987726
-0.750257386526001,0.14799079561209,-0.750257386526001,0.410949008738535
-0.74540570881822,0.148049722014145,-0.74540570881822,0.404274757547066
-0.74055403111044,0.148094618012314,-0.74055403111044,0.397713795780663
-0.73570235340266,0.148126130106735,-0.73570235340266,0.3912673010237
-0.73085067569488,0.148144921871221,-0.73085067569488,0.384936269907472
-0.725998997987099,0.148151673037383,-0.725998997987099,0.378721522111845
-0.721147320279319,0.148147078546645,-0.721147320279319,0.372623704522461
-0.716295642571539,0.148131847571444,-0.716295642571539,0.36664329552825
-0.711443964863759,0.148106702507018,-0.711443964863759,0.360780609445015
-0.706592287155979,0.148072377935246,-0.706592287155979,0.355035801051843
-0.701740609448199,0.148029619562046,-0.701740609448199,0.349408870228155
-0.696888931740418,0.147979183129953,-0.696888931740418,0.343899666680235
-0.692037254032638,0.147921833307511,-0.692037254032638,0.338507894747081
-0.687185576324858,0.147858342557222,-0.687185576324858,0.333233118276446
-0.682333898617078,0.147789489983815,-0.682333898617078,0.328074765562874
-0.677482220909297,0.147716060164674,-0.677482220909297,0.323032134340499
-0.672630543201517,0.147638841964315,-0.672630543201517,0.31810439682419
-0.667778865493737,0.147558627334849,-0.667778865493737,0.313290604793488
-0.662927187785957,0.14747621010441,-0.662927187785957,0.308589694714498
-0.658075510078177,0.147392384755567,-0.658075510078177,0.304000492895563
-0.653223832370396,0.147307945195795,-0.653223832370396,0.299521720673154
-0.648372154662616,0.147223683522095,-0.648372154662616,0.295151999624905
-0.643520476954836,0.147140388781881,-0.643520476954836,0.290889856807132
-0.638668799247056,0.1470588457323,-0.638668799247056,0.286733730014523
-0.633817121539276,0.146979833600148,-0.633817121539276,0.282681973059905
-0.628965443831496,0.146904124844584,-0.628965443831496,0.278732861072151
-0.624113766123715,0.146832483924828,-0.624113766123715,0.27488459581034
-0.619262088415935,0.146765666075075,-0.619262088415935,0.271135310992259
-0.614410410708155,0.14670441608882,-0.614410410708155,0.267483077635207
-0.609558733000375,0.146649467114824,-0.609558733000375,0.263925909406881
-0.604707055292595,0.146601539466914,-0.604707055292595,0.260461767983829
-0.599855377584814,0.146561339449826,-0.599855377584814,0.257088568414622
-0.595003699877034,0.146529558203257,-0.595003699877034,0.253804184484483
-0.590152022169254,0.1465068705663,-0.590152022169254,0.250606454077641
-0.585300344461474,0.146493933964388,-0.585300344461474,0.247493184533164
-0.580448666753693,0.146491387320848,-0.580448666753693,0.244462157989453
-0.575596989045913,0.146499849995149,-0.575596989045913,0.241511136712
-0.570745311338133,0.146519920749856,-0.570745311338133,0.238637868398377
-0.565893633630353,0.146552176748287,-0.565893633630353,0.235840091453806
-0.561041955922573,0.146597172584806,-0.561041955922573,0.233115540229996
-0.556190278214793,0.146655439349635,-0.556190278214793,0.230461950219318
-0.551338600507012,0.146727483730015,-0.551338600507012,0.227877063195741
-0.546486922799232,0.146813787149471,-0.546486922799232,0.225358632293358
-0.541635245091452,0.146914804946889,-0.541635245091452,0.222904427012753
-0.536783567383672,0.147030965597025,-0.536783567383672,0.220512238144919
-0.531931889675892,0.147162669974005,-0.531931889675892,0.218179882601944
-0.527080211968111,0.147310290659287,-0.527080211968111,0.215905208143255
-0.522228534260331,0.147474171295478,-0.522228534260331,0.213686097985822
-0.517376856552551,0.147654625987331,-0.517376856552551,0.211520475286428
-0.512525178844771,0.147851938751114,-0.512525178844771,0.209406307483864
-0.507673501136991,0.14806636301352,-0.507673501136991,0.20734161048877
-0.50282182342921,0.148298121161114,-0.50282182342921,0.205324452708755
-0.49797014572143,0.148547404141294,-0.49797014572143,0.203352958896466
-0.49311846801365,0.148814371115582,-0.49311846801365,0.201425313808354
-0.48826679030587,0.149099149165996,-0.48826679030587,0.199539765662107
-0.48341511259809,0.149401833055145,-0.48341511259809,0.197694629381014
-0.478563434890309,0.149722485040564,-0.478563434890309,0.195888289613868
-0.473711757182529,0.150061134743738,-0.473711757182529,0.194119203519556
-0.468860079474749,0.150417779074107,-0.468860079474749,0.192385903305986
-0.464008401766969,0.150792382208292,-0.464008401766969,0.190686998513717
-0.459156724059188,0.151184875624618,-0.459156724059188,0.189021178035344
-0.454305046351409,0.151595158192947,-0.454305046351409,0.187387211862561
-0.449453368643628,0.152023096319682,-0.449453368643628,0.185783952553694
-0.444601690935848,0.152468524147737,-0.444601690935848,0.184210336415478
-0.439750013228068,0.152931243811117,-0.439750013228068,0.182665384393891
-0.434898335520288,0.153411025743677,-0.434898335520288,0.181148202669947
-0.430046657812507,0.153907609041487,-0.430046657812507,0.179657982957504
-0.425194980104727,0.154420701878173,-0.425194980104727,0.178194002501315
-0.420343302396947,0.154949981972426,-0.420343302396947,0.176755623774816
-0.415491624689167,0.155495097106855,-0.415491624689167,0.175342293878341
-0.410639946981387,0.156055665697165,-0.410639946981387,0.173953543639778
-0.405788269273606,0.156631277410628,-0.405788269273606,0.172588986420936
-0.400936591565826,0.157221493832647,-0.400936591565826,0.171248316634177
-0.396084913858046,0.157825849180166,-0.396084913858046,0.169931307975141
-0.391233236150266,0.158443851060556,-0.391233236150266,0.168637811378666
-0.386381558442486,0.159074981274544,-0.386381558442486,0.167367752706213
-0.381529880734705,0.159718696661636,-0.381529880734705,0.166121130174312
-0.376678203026925,0.160374429986431,-0.376678203026925,0.164898011534717
-0.371826525319145,0.161041590864132,-0.371826525319145,0.163698531018025
-0.366974847611365,0.161719566723475,-0.366974847611365,0.16252288605361
-0.362123169903584,0.16240772380525,-0.362123169903584,0.161371333779638
-0.357271492195804,0.163105408194497,-0.357271492195804,0.160244187357915
-0.352419814488024,0.163811946884424,-0.352419814488024,0.159141812109083
-0.347568136780244,0.164526648869998,-0.347568136780244,0.158064621484462
-0.342716459072464,0.165248806269159,-0.342716459072464,0.15701307289149
-0.337864781364684,0.165977695469506,-0.337864781364684,0.155987663390283
-0.333013103656903,0.166712578298312,-0.333013103656903,0.154988925279287
-0.328161425949123,0.167452703213626,-0.328161425949123,0.154017421588412
-0.323309748241343,0.168197306514267,-0.323309748241343,0.153073741498259
-0.318458070533563,0.1689456135664,-0.318458070533563,0.152158495704279
-0.313606392825783,0.169696840044434,-0.313606392825783,0.151272311744731
-0.308754715118002,0.170450193183925,-0.308754715118002,0.150415829311311
-0.303903037410222,0.171204873044161,-0.303903037410222,0.149589695561179
-0.299051359702442,0.17196007377812,-0.299051359702442,0.148794560448896
-0.294199681994662,0.172714984907457,-0.294199681994662,0.148031072096471
-0.289348004286881,0.17346879260022,-0.289348004286881,0.147299872219285
-0.284496326579101,0.174220680948964,-0.284496326579101,0.146601591625201
-0.279644648871321,0.174969833246986,-0.279644648871321,0.145936845803565
-0.274792971163541,0.175715433260394,-0.274792971163541,0.145306230620141
-0.269941293455761,0.176456666493763,-0.269941293455761,0.144710318133335
-0.265089615747981,0.177192721447161,-0.265089615747981,0.144149652546222
-0.2602379380402,0.177922790862366,-0.2602379380402,0.143624746308086
-0.25538626033242,0.178646072956112,-0.25538626033242,0.143136076378232
-0.25053458262464,0.179361772638296,-0.25053458262464,0.142684080663941
-0.24568290491686,0.180069102713063,-0.24568290491686,0.142269154643383
-0.24083122720908,0.180767285060801,-0.24083122720908,0.141891648183353
-0.235979549501299,0.181455551799099,-0.235979549501299,0.141551862560611
-0.231127871793519,0.182133146420782,-0.231127871793519,0.141250047694576
-0.226276194085739,0.182799324907241,-0.226276194085739,0.140986399598047
-0.221424516377959,0.183453356815289,-0.221424516377959,0.140761058051573
-0.216572838670179,0.184094526335891,-0.216572838670179,0.140574104506025
-0.211721160962398,0.184722133323184,-0.211721160962398,0.140425560216886
-0.206869483254618,0.185335494292256,-0.206869483254618,0.140315384612748
-0.202017805546838,0.18593394338427,-0.202017805546838,0.140243473899489
-0.197166127839058,0.186516833297581,-0.197166127839058,0.140209659900661
-0.192314450131277,0.187083536183586,-0.192314450131277,0.140213709133658
-0.187462772423497,0.187633444506131,-0.187462772423497,0.14025532212035
-0.182611094715717,0.188165971863403,-0.182611094715717,0.140334132930027
-0.177759417007937,0.188680553771307,-0.177759417007937,0.140449708951675
-0.172907739300157,0.189176648407427,-0.172907739300157,0.140601550891881
-0.168056061592377,0.18965373731478,-0.168056061592377,0.140789092993935
-0.163204383884596,0.190111326064628,-0.163204383884596,0.141011703473094
-0.158352706176816,0.190548944877751,-0.158352706176816,0.14126868516235
-0.153501028469036,0.190966149203642,-0.153501028469036,0.141559276362538
-0.148649350761256,0.191362520257197,-0.148649350761256,0.141882651890138
-0.143797673053476,0.191737665512565,-0.143797673053476,0.142237924315727
-0.138945995345695,0.192091219153908,-0.138945995345695,0.142624145385643
-0.134094317637915,0.192422842482917,-0.134094317637915,0.143040307619152
-0.129242639930135,0.192732224283025,-0.129242639930135,0.14348534607315
-0.124390962222355,0.193019081140329,-0.124390962222355,0.143958140266186
-0.119539284514575,0.193283157721347,-0.119539284514575,0.144457516253511
-0.114687606806795,0.193524227007796,-0.114687606806795,0.144982248844662
-0.109835929099014,0.193742090488671,-0.109835929099014,0.145531063955065
-0.104984251391234,0.193936578309983,-0.104984251391234,0.146102641083101
-0.100132573683454,0.194107549382604,-0.100132573683454,0.146695615904033
-0.095280895975674,0.194254891448709,-0.095280895975674,0.147308582972272
-0.090429218267893,0.194378521107423,-0.090429218267893,0.147940098523441
-0.085577540560113,0.194478383800312,-0.085577540560113,0.148588683367832
-0.080725862852333,0.19455445375744,-0.080725862852333,0.149252825866859
-0.075874185144553,0.194606733904783,-0.075874185144553,0.14993098498427
-0.071022507436773,0.194635255733831,-0.071022507436773,0.150621593403938
-0.066170829728992,0.194640079134283,-0.066170829728992,0.151323060706179
-0.061319152021212,0.194621292190788,-0.061319152021212,0.152033776594646
-0.056467474313432,0.19457901094473,-0.056467474313432,0.152752114165965
-0.051615796605652,0.194513379122096,-0.051615796605652,0.153476433214363
-0.046764118897872,0.194424567828531,-0.046764118897872,0.154205083563648
-0.041912441190092,0.194312775212684,-0.041912441190092,0.154936408418998
-0.037060763482311,0.194178226099027,-0.037060763482311,0.155668747731056
-0.032209085774531,0.194021171591318,-0.032209085774531,0.156400441564951
-0.027357408066751,0.193841888647937,-0.027357408066751,0.157129833466854
-0.022505730358971,0.19364067963033,-0.022505730358971,0.157855273820791
-0.01765405265119,0.193417871825831,-0.01765405265119,0.158575123188401
-0.01280237494341,0.193173816946119,-0.01280237494341,0.159287755624395
-0.00795069723563,0.192908890602626,-0.00795069723563,0.159991561960463
-0.00309901952785,0.192623491760164,-0.00309901952785,0.160684953050374
0.00175265817993,0.192318042170107,0.00175265817993,0.161366362969034
0.006604335887711,0.191992985784409,0.006604335887711,0.162034252158226
0.011456013595491,0.191648788151783,0.011456013595491,0.162687110511781
0.016307691303271,0.191285935797332,0.016307691303271,0.163323460392904
0.021159369011052,0.190904935586936,0.021159369011052,0.163941859576381
0.026011046718832,0.190506314077691,0.026011046718832,0.164540904108394
0.030862724426612,0.190090616855651,0.030862724426612,0.165119231076715
0.035714402134392,0.18965840786217,0.035714402134392,0.165675521284041
0.040566079842172,0.189210268710063,0.040566079842172,0.166208501817325
0.045417757549952,0.188746797990826,0.045417757549952,0.166716948506006
0.050269435257732,0.188268610574117,0.050269435257732,0.167199688262157
0.055121112965513,0.187776336900685,0.055121112965513,0.167655601295692
0.059972790673293,0.187270622269904,0.059972790673293,0.168083623197932
0.064824468381073,0.186752126123047,0.064824468381073,0.168482746887041
0.069676146088853,0.186221521323395,0.069676146088853,0.168852024409063
0.074527823796633,0.185679493434276,0.074527823796633,0.169190568588569
0.079379501504414,0.18512673999606,0.079379501504414,0.169497554523249
0.084231179212194,0.184563969803134,0.084231179212194,0.169772220917129
0.089082856919974,0.183991902181831,0.089082856919974,0.170013871247515
0.093934534627754,0.183411266270273,0.093934534627754,0.170221874761187
0.098786212335535,0.182822800301021,0.098786212335535,0.170395667295902
0.103637890043315,0.182227250887429,0.103637890043315,0.170534751923745
0.108489567751095,0.181625372314535,0.108489567751095,0.170638699413509
0.113341245458875,0.181017925835292,0.113341245458875,0.170707148509853
0.118192923166655,0.180405678972917,0.118192923166655,0.170739806027679
0.123044600874435,0.179789404830087,0.123044600874435,0.170736446760856
0.127896278582216,0.179169881405683,0.127896278582216,0.170696913205138
0.132747956289996,0.178547890919726,0.132747956289996,0.170621115095901
0.137599633997776,0.177924219147152,0.137599633997776,0.170509028762089
0.142451311705556,0.177299654760993,0.142451311705556,0.170360696298555
0.147302989413336,0.176674988685514,0.147302989413336,0.170176224559835
0.152154667121117,0.176051013459831,0.152154667121117,0.169955783979171
0.157006344828897,0.175428522612472,0.157006344828897,0.169699607217463
0.161858022536677,0.174808310047323,0.161858022536677,0.169407987647636
0.166709700244457,0.174191169441365,0.166709700244457,0.169081277680743
0.171561377952238,0.173577893654578,0.171561377952238,0.168719886940903
0.176413055660018,0.172969274152316,0.176413055660018,0.168324280296964
0.181264733367798,0.172366100440489,0.181264733367798,0.167894975759545
0.186116411075578,0.171769159513777,0.186116411075578,0.167432542252782
0.190968088783358,0.171179235317137,0.190968088783358,0.166937597270832
0.195819766491138,0.170597108220769,0.195819766491138,0.166410804429758
0.200671444198919,0.170023554508725,0.200671444198919,0.16585287092603
0.205523121906699,0.169459345881275,0.205523121906699,0.165264544913369
0.210374799614479,0.16890524897113,0.210374799614479,0.164646612810097
0.215226477322259,0.168362024873592,0.215226477322259,0.163999896549555
0.220078155030039,0.167830428690651,0.220078155030039,0.163325250786431
0.22492983273782,0.16731120908904,0.22492983273782,0.162623560072077
0.2297815104456,0.166805107872221,0.2297815104456,0.161895736012022
0.23463318815338,0.166312859566233,0.23463318815338,0.161142714418961
0.23948486586116,0.165835191019322,0.23948486586116,0.16036545247446
0.24433654356894,0.165372821015234,0.24433654356894,0.159564925912502
0.249188221276721,0.164926459900026,0.249188221276721,0.158742126237813
0.254039898984501,0.164496809222219,0.254039898984501,0.157898057991576
0.258891576692281,0.164084561386101,0.258891576692281,0.157033736076825
0.263743254400061,0.163690399317945,0.263743254400061,0.156150183155277
0.268594932107841,0.163314996144895,0.268594932107841,0.155248427126882
0.273446609815621,0.162959014886249,0.273446609815621,0.154329498702698
0.278298287523402,0.162623108156822,0.278298287523402,0.153394429081019
0.283149965231182,0.162307917882087,0.283149965231182,0.152444247735915
0.288001642938962,0.162014075024734,0.288001642938962,0.151479980326501
0.292853320646743,0.161742199322276,0.292853320646743,0.150502646734337
0.297704998354523,0.16149289903533,0.297704998354523,0.14951325923546
0.302556676062303,0.161266770706155,0.302556676062303,0.148512820812473
0.307408353770083,0.161064398927015,0.307408353770083,0.147502323611165
0.312260031477863,0.160886356117941,0.312260031477863,0.146482747544988
0.317111709185643,0.160733202313421,0.317111709185643,0.145455059049672
0.321963386893424,0.160605484957546,0.321963386893424,0.144420209989126
0.326815064601204,0.16050373870713,0.326815064601204,0.143379136712662
0.331666742308984,0.160428485242303,0.331666742308984,0.142332759262456
0.336518420016764,0.160380233084066,0.336518420016764,0.141281980729053
0.341370097724544,0.160359477418292,0.341370097724544,0.140227686751644
0.346221775432324,0.160366699925654,0.346221775432324,0.13917074515876
0.351073453140105,0.160402368616942,0.351073453140105,0.138112005744017
0.355925130847885,0.160466937673238,0.355925130847885,0.137052300170553
0.360776808555665,0.160560847290421,0.360776808555665,0.135992441996875
0.365628486263446,0.160684523527456,0.365628486263446,0.134933226815929
0.370480163971226,0.160838378157945,0.370480163971226,0.133875432498442
0.375331841679006,0.161022808524408,0.375331841679006,0.132819819530802
0.380183519386786,0.161238197394771,0.380183519386786,0.131767131437109
0.385035197094566,0.161484912820554,0.385035197094566,0.130718095274446
0.389886874802346,0.161763307996257,0.389886874802346,0.129673422189913
0.394738552510126,0.162073721119443,0.394738552510126,0.128633808027604
0.399590230217907,0.162416475251074,0.399590230217907,0.127599933973359
0.404441907925687,0.162791878175613,0.404441907925687,0.12657246722496
0.409293585633467,0.163200222260481,0.409293585633467,0.125552061675292
0.414145263341247,0.163641784314445,0.414145263341247,0.124539358596028
0.418996941049028,0.164116825444564,0.418996941049028,0.123534987309447
0.423848618756808,0.164625590911311,0.423848618756808,0.12253956583622
0.428700296464588,0.165168309981571,0.428700296464588,0.121553701507271
0.433551974172368,0.165745195779187,0.433551974172368,0.120577991528226
0.438403651880148,0.166356445132823,0.438403651880148,0.119613023485422
0.443255329587929,0.167002238420883,0.443255329587929,0.118659375783041
0.448107007295709,0.16768273941333,0.448107007295709,0.117717618001584
0.452958685003489,0.168398095110235,0.452958685003489,0.116788311168617
0.457810362711269,0.169148435576965,0.457810362711269,0.115872007933583
0.462662040419049,0.169933873775941,0.462662040419049,0.11496925263929
0.467513718126829,0.170754505394961,0.467513718126829,0.114080581283684
0.47236539583461,0.171610408672114,0.47236539583461,0.113206521366477
0.47721707354239,0.172501644217381,0.47721707354239,0.112347591616275
0.48206875125017,0.173428254831045,0.48206875125017,0.111504301594903
0.486920428957951,0.17439026531911,0.486920428957951,0.110677151176772
0.491772106665731,0.175387682305955,0.491772106665731,0.10986662990225
0.496623784373511,0.176420494044546,0.496623784373511,0.109073216205169
0.501475462081291,0.177488670224519,0.501475462081291,0.108297376515743
0.506327139789071,0.178592161778574,0.506327139789071,0.107539564241344
0.511178817496851,0.17973090068762,0.511178817496851,0.106800218628727
0.516030495204632,0.180904799785202,0.516030495204632,0.106079763512409
0.520882172912412,0.182113752561775,0.520882172912412,0.10537860595501
0.525733850620192,0.183357632969462,0.525733850620192,0.104697134786447
0.530585528327972,0.184636295227974,0.530585528327972,0.104035719049848
0.535437206035752,0.185949573632429,0.535437206035752,0.103394706363058
0.540288883743532,0.18729728236388,0.540288883743532,0.102774421205499
0.545140561451313,0.188679215303361,0.545140561451313,0.102175163140985
0.549992239159093,0.190095145850386,0.549992239159093,0.101597204987883
0.554843916866873,0.191544826746804,0.554843916866873,0.101040790948684
0.559695594574654,0.193027989907032,0.559695594574654,0.100506134711684
0.564547272282434,0.194544346255672,0.564547272282434,0.099993417537986
0.569398949990214,0.196093585573605,0.569398949990214,0.099502786347479
0.574250627697994,0.197675376353663,0.574250627697994,0.0990343518178
0.579102305405774,0.199289365667036,0.579102305405774,0.098588186510533
0.583953983113554,0.20093517904159,0.583953983113554,0.098164323039038
0.588805660821334,0.202612420353301,0.588805660821334,0.097762752292392
0.593657338529115,0.204320671732054,0.593657338529115,0.097383421729844
0.598509016236895,0.206059493483047,0.598509016236895,0.09702623376007
0.603360693944675,0.20782842402508,0.603360693944675,0.096691044219265
0.608212371652455,0.209626979847017,0.608212371652455,0.096377660961785
0.613064049360236,0.211454655483701,0.613064049360236,0.096085842576598
0.617915727068016,0.213310923512636,0.617915727068016,0.095815297242339
0.622767404775796,0.215195234572709,0.622767404775796,0.095565681733085
0.627619082483576,0.217107017406258,0.627619082483576,0.095336600586351
0.632470760191356,0.219045678925748,0.632470760191356,0.095127605443986
0.637322437899137,0.221010604306309,0.637322437899137,0.094938194575843
0.642174115606917,0.223001157105388,0.642174115606917,0.094767812595165
0.647025793314697,0.225016679410699,0.647025793314697,0.094615850373669
0.651877471022477,0.227056492017651,0.651877471022477,0.094481645163285
0.656729148730257,0.229119894637391,0.656729148730257,0.094364480930412
0.661580826438037,0.231206166136531,0.661580826438037,0.094263588907455
0.666432504145818,0.23331456480962,0.666432504145818,0.094178148365239
0.671284181853598,0.235444328685307,0.671284181853598,0.094107287608697
0.676135859561378,0.237594675867133,0.676135859561378,0.094050085197052
0.680987537269159,0.239764804909801,0.680987537269159,0.094005571388463
0.685839214976939,0.241953895231673,0.685839214976939,0.093972729807889
0.690690892684719,0.244161107564225,0.690690892684719,0.093950499335694
0.695542570392499,0.246385584439045,0.695542570392499,0.093937776213303
0.700394248100279,0.248626450712905,0.700394248100279,0.093933416360997
0.705245925808059,0.250882814131346,0.705245925808059,0.093936237901764
0.71009760351584,0.253153765931091,0.71009760351584,0.093945023883972
0.71494928122362,0.255438381481528,0.71494928122362,0.093958525194495
0.7198009589314,0.257735720965379,0.7198009589314,0.093975463652862
0.72465263663918,0.260044830098565,0.72465263663918,0.093994535275955
0.72950431434696,0.262364740889169,0.72950431434696,0.094014413701829
0.73435599205474,0.264694472435269,0.73435599205474,0.094033753760272
0.739207669762521,0.267033031761306,0.739207669762521,0.094051195176924
0.744059347470301,0.269379414692526,0.744059347470301,0.094065366396932
0.748911025178081,0.271732606766891,0.748911025178081,0.09407488851345
0.753762702885861,0.274091584183766,0.753762702885861,0.094078379285648
0.758614380593642,0.276455314788519,0.758614380593642,0.094074457230314
0.763466058301422,0.278822759092066,0.763466058301422,0.094061745770704
0.768317736009202,0.28119287132426,0.768317736009202,0.094038877425863
0.773169413716982,0.283564600519894,0.773169413716982,0.094004498023369
0.778021091424762,0.285936891635942,0.778021091424762,0.093957270918226
0.782872769132542,0.288308686698562,0.782872769132542,0.093895881200497
0.787724446840323,0.290678925978232,0.787724446840323,0.093819039874247
0.792576124548103,0.293046549191284,0.792576124548103,0.093725487990415
0.797427802255883,0.295410496725961,0.797427802255883,0.093614000716342
0.802279479963663,0.29776971089101,0.802279479963663,0.093483391324966
0.807131157671443,0.300123137184723,0.807131157671443,0.093332515086933
0.811982835379223,0.30246972558218,0.811982835379223,0.093160273049332
0.816834513087004,0.304808431838403,0.816834513087004,0.092965615685172
0.821686190794784,0.307138218804954,0.821686190794784,0.092747546398328
0.826537868502564,0.309458057757486,0.826537868502564,0.092505124869254
0.831389546210345,0.311766929731592,0.831389546210345,0.092237470227481
0.836241223918125,0.314063826864263,0.836241223918125,0.091943764037675
0.841092901625905,0.316347753738162,0.841092901625905,0.091623253086843
0.845944579333685,0.318617728725843,0.845944579333685,0.09127525196115
0.850796257041465,0.320872785330998,0.850796257041465,0.090899145401751
0.855647934749245,0.323111973523732,0.855647934749245,0.090494390430004
0.860499612457026,0.32533436106684,0.860499612457026,0.090060518233454
0.865351290164806,0.327539034829998,0.865351290164806,0.089597135805036
0.870202967872586,0.329725102088758,0.870202967872586,0.089103927329015
0.875054645580367,0.331891691805211,0.875054645580367,0.0885806553083
0.879906323288147,0.334037955887166,0.879906323288147,0.088027161428897
0.884758000995927,0.336163070422691,0.884758000995927,0.087443367158393
0.889609678703707,0.338266236886858,0.889609678703707,0.086829274076527
0.894461356411487,0.340346683317555,0.894461356411487,0.086184963937036
0.899313034119267,0.342403665457264,0.899313034119267,0.085510598461117
0.904164711827048,0.344436467857702,0.904164711827048,0.084806418863978
0.909016389534828,0.34644440494431,0.909016389534828,0.084072745117058
0.913868067242608,0.348426822037605,0.913868067242608,0.083309974949618
0.918719744950388,0.350383096328473,0.918719744950388,0.082518582594428
0.923571422658168,0.35231263780456,0.923571422658168,0.081699117283372
0.928423100365948,0.354214890125023,0.928423100365948,0.080852201499741
0.933274778073728,0.356089331440951,0.933274778073728,0.079978528994975
0.938126455781509,0.357935475158915,0.938126455781509,0.079078862578524
0.942978133489289,0.359752870645205,0.942978133489289,0.078154031690359
0.947829811197069,0.361541103868408,0.947829811197069,0.07720492976648
0.95268148890485,0.363299797978164,0.95268148890485,0.076232511408535
0.95753316661263,0.36502861381802,0.95753316661263,0.075237789369337
0.96238484432041,0.366727250370503,0.96238484432041,0.074221831366737
0.96723652202819,0.368395445132637,0.96723652202819,0.073185756738858
0.97208819973597,0.370032974420336,0.97208819973597,0.072130732954209
0.97693987744375,0.37163965360025,0.97693987744375,0.071057971990645
0.981791555151531,0.373215337247818,0.981791555151531,0.069968726597497
0.986643232859311,0.374759919230473,0.986643232859311,0.068864286455521
0.991494910567091,0.376273332715121,0.991494910567091,0.067745974249519
0.996346588274871,0.377755550099222,0.996346588274871,0.066615141668679
1.00119826598265,0.379206582864966,1.00119826598265,0.06547316534975
1.00604994369043,0.380626481356287,1.00604994369043,0.064321442778226
1.01090162139821,0.382015334478593,1.01090162139821,0.063161388162634
1.01575329910599,0.383373269321361,1.01575329910599,0.061994428296964
1.02060497681377,0.384700450703894,1.02060497681377,0.06082199842607
1.02545665452155,0.385997080644792,1.02545665452155,0.059645538128665
1.03030833222933,0.387263397755845,1.03030833222933,0.058466487232237
1.03516000993711,0.388499676561314,1.03516000993711,0.057286281773873
1.04001168764489,0.389706226743716,1.04001168764489,0.05610635002058
1.04486336535267,0.390883392317483,1.04486336535267,0.054928108562233
1.04971504306045,0.392031550732019,1.04971504306045,0.053752958489806
1.05456672076823,0.393151111905904,1.05456672076823,0.052582281670986
1.05941839847601,0.394242517194175,1.05941839847601,0.051417437134692
1.06427007618379,0.395306238290795,1.06427007618379,0.050259757575431
1.06912175389157,0.396342776068619,1.06912175389157,0.049110545987736
1.07397343159935,0.397352659359321,1.07397343159935,0.047971072440295
1.07882510930713,0.398336443675921,1.07882510930713,0.04684257099866
1.08367678701492,0.399294709880732,1.08367678701492,0.045726236804699
1.0885284647227,0.400228062801664,1.0885284647227,0.044623223320245
1.09338014243048,0.401137129799993,1.09338014243048,0.043534639741618
1.09823182013826,0.402022559292836,1.09823182013826,0.042461548590945
1.10308349784604,0.402885019233686,1.10308349784604,0.04140496348946
1.10793517555382,0.403725195554494,1.10793517555382,0.040365847117162
1.1127868532616,0.404543790572881,1.1127868532616,0.039345109362492
1.11763853096938,0.40534152136816,1.11763853096938,0.038343605664881
1.12249020867716,0.406119118129936,1.12249020867716,0.037362135552324
1.12734188638494,0.406877322483122,1.12734188638494,0.03640144137535
1.13219356409272,0.407616885793278,1.13219356409272,0.035462207238065
1.1370452418005,0.408338567456217,1.1370452418005,0.034545058126221
1.14189691950828,0.409043133175871,1.14189691950828,0.033650559231591
1.14674859721606,0.409731353234441,1.14674859721606,0.032779215471235
1.15160027492384,0.410404000758847,1.15160027492384,0.031931471199644
1.15645195263162,0.411061849987524,1.15645195263162,0.031107710111083
1.1613036303394,0.411705674541588,1.1613036303394,0.030308255328893
1.16615530804718,0.41233624570436,1.16615530804718,0.029533369677945
1.17100698575496,0.412954330713231,1.17100698575496,0.028783256135903
1.17585866346274,0.413560691067784,1.17585866346274,0.028058058458438
1.18071034117052,0.414156080858038,1.18071034117052,0.027357861973095
1.1855620188783,0.414741245116616,1.1855620188783,0.026682694536032
1.19041369658608,0.415316918198547,1.19041369658608,0.026032527645492
1.19526537429386,0.415883822192343,1.19526537429386,0.025407277705439
1.20011705200164,0.416442665365867,1.20011705200164,0.024806807432499
1.20496872970942,0.416994140650419,1.20496872970942,0.024230927398997
1.2098204074172,0.41753892416633,1.2098204074172,0.023679397704621
1.21467208512498,0.418077673793247,1.21467208512498,0.023151929768996
1.21952376283276,0.418611027788125,1.21952376283276,0.022648188237224
1.22437544054054,0.419139603453834,1.22437544054054,0.022167792990286
1.22922711824832,0.419663995861093,1.22922711824832,0.021710321252011
1.2340787959561,0.420184776626329,1.2340787959561,0.021275309784233
1.23893047366388,0.420702492747856,1.23893047366388,0.020862257161623
1.24378215137166,0.42121766550262,1.24378215137166,0.020470626117639
1.24863382907944,0.421730789405572,1.24863382907944,0.020099845952987
1.25348550678722,0.422242331233549,1.25348550678722,0.019749314997974
1.258337184495,0.422752729115365,1.258337184495,0.019418403120129
1.26318886220278,0.423262391689616,1.26318886220278,0.019106454268524
1.26804053991056,0.423771697331523,1.26804053991056,0.018812789046275
1.27289221761834,0.424280993449947,1.27289221761834,0.018536707302769
1.27774389532612,0.424790595855507,1.27774389532612,0.018277490737293
1.2825955730339,0.425300788200541,1.2825955730339,0.018034405505834
1.28744725074168,0.425811821491481,1.28744725074168,0.017806704822986
1.29229892844946,0.426323913673972,1.29229892844946,0.017593631551032
1.29715060615724,0.426837249290935,1.29715060615724,0.01739442076849
1.30200228386502,0.427351979213542,1.30200228386502,0.01720830231056
1.3068539615728,0.427868220444896,1.3068539615728,0.017034503274161
1.31170563928058,0.428386055996047,1.31170563928058,0.016872250480457
1.31655731698836,0.428905534833778,1.31655731698836,0.016720772888015
1.32140899469614,0.429426671899412,1.32140899469614,0.016579303950008
1.32626067240393,0.429949448197775,1.32626067240393,0.016447083909128
1.33111235011171,0.430473810955202,1.33111235011171,0.016323362024188
1.33596402781949,0.430999673845416,1.33596402781949,0.01620739872265
1.34081570552727,0.431526917281878,1.34081570552727,0.016098467673662
1.34566738323505,0.432055388775103,1.34566738323505,0.015995857776478
1.35051906094283,0.432584903353306,1.35051906094283,0.015898875059476
1.35537073865061,0.433115244044581,1.35537073865061,0.015806844485328
1.36022241635839,0.433646162418744,1.36022241635839,0.015719111658211
1.36507409406617,0.434177379186798,1.36507409406617,0.015635044429307
1.36992577177395,0.434708584855945,1.36992577177395,0.015554034397205
1.37477744948173,0.435239440437901,1.37477744948173,0.015475498300176
1.37962912718951,0.435769578208249,1.37962912718951,0.015398879297653
1.38448080489729,0.436298602514443,1.38448080489729,0.015323648138654
1.38933248260507,0.436826090630019,1.38933248260507,0.015249304215211
1.39418416031285,0.437351593652522,1.39418416031285,0.015175376499311
1.39903583802063,0.437874637442591,1.39903583802063,0.015101424362165
1.40388751572841,0.438394723601604,1.40388751572841,0.015027038275058
1.40873919343619,0.43891133048526,1.40873919343619,0.014951840391386
1.41359087114397,0.439423914250431,1.41359087114397,0.014875485009847
1.41844254885175,0.439931909932637,1.41844254885175,0.014797658919157
1.42329422655953,0.44043473255144,1.42329422655953,0.014718081625017
1.42814590426731,0.440931778241089,1.42814590426731,0.014636505460394
1.43299758197509,0.441422425403751,1.43299758197509,0.014552715580582
1.43784925968287,0.441906035882661,1.43784925968287,0.014466529844812
1.44270093739065,0.442381956152568,1.44270093739065,0.014377798586548
1.44755261509843,0.442849518524864,1.44755261509843,0.014286404274906
1.45240429280621,0.443308042364849,1.45240429280621,0.014192261069989
1.45725597051399,0.443756835318585,1.45725597051399,0.014095314275193
1.46210764822177,0.44419519454689,1.46210764822177,0.013995539689857
1.46695932592955,0.444622407964037,1.46695932592955,0.013892942865903
1.47181100363733,0.44503775547881,1.47181100363733,0.013787558272369
1.47666268134511,0.445440510235616,1.47666268134511,0.013679448371985
1.48151435905289,0.445829939853444,1.48151435905289,0.013568702614183
1.48636603676067,0.446205307660502,1.48636603676067,0.013455436349123
1.49121771446845,0.446565873922479,1.49121771446845,0.013339789667546
1.49606939217623,0.446910897062422,1.49606939217623,0.0132219261714
1.50092106988401,0.447239634870333,1.50092106988401,0.013102031680379
1.50577274759179,0.447551345700657,1.50577274759179,0.012980312879637
1.51062442529957,0.44784528965592,1.51062442529957,0.012856995914065
1.51547610300735,0.44812072975487,1.51547610300735,0.01273232493461
1.52032778071513,0.448376933083575,1.52032778071513,0.012606560602208
1.52517945842291,0.448613171927982,1.52517945842291,0.012479978554966
1.53003113613069,0.448828724886587,1.53003113613069,0.012352867844249
1.53488281383847,0.449022877961905,1.53488281383847,0.012225529345379
1.53973449154625,0.449194925629564,1.53973449154625,0.012098274148645
1.54458616925403,0.449344171883875,1.54458616925403,0.011971421936297
1.54943784696181,0.449469931258904,1.54943784696181,0.01184529935119
1.55428952466959,0.449571529824058,1.55428952466959,0.011720238362669
1.55914120237737,0.449648306153367,1.55914120237737,0.011596574635239
1.56399288008515,0.449699612267667,1.56399288008515,0.011474645905473
1.56884455779294,0.449724814549,1.56884455779294,0.0113547903725
1.57369623550072,0.449723294626608,1.57369623550072,0.011237345107327
1.5785479132085,0.44969445023397,1.5785479132085,0.011122644486101
1.58339959091628,0.449637696036427,1.58339959091628,0.011011018652273
1.58825126862406,0.449552464428946,1.58825126862406,0.010902792012496
1.59310294633184,0.449438206303728,1.59310294633184,0.010798281770888
1.59795462403962,0.449294391787328,1.59795462403962,0.010697796506145
1.6028063017474,0.449120510947077,1.6028063017474,0.010601634795777
1.60765797945518,0.448916074466629,1.60765797945518,0.010510083891565
1.61250965716296,0.448680614290493,1.61250965716296,0.010423418450102
1.61736133487074,0.448413684237457,1.61736133487074,0.010341899322109
1.62221301257852,0.448114860582884,1.62221301257852,0.01026577240394
1.6270646902863,0.447783742609829,1.6270646902863,0.01019526755452
1.63191636799408,0.447419953129034,1.63191636799408,0.010130597580686
1.63676804570186,0.447023138967834,1.63676804570186,0.01007195729368
1.64161972340964,0.446592971428047,1.64161972340964,0.010019522639288
1.64647140111742,0.446129146712957,1.64647140111742,0.009973449903897
1.6513230788252,0.445631386323495,1.6513230788252,0.009933874998455
1.65617475653298,0.44509943742375,1.65617475653298,0.009900912822102
1.66102643424076,0.444533073175949,1.66102643424076,0.009874656706958
1.66587811194854,0.443932093045063,1.66587811194854,0.009855177945308
1.67072978965632,0.443296323073184,1.67072978965632,0.009842525400175
1.6755814673641,0.442625616123836,1.6755814673641,0.00983672519999
1.68043314507188,0.441919852096382,1.68043314507188,0.00983778051783
1.68528482277966,0.44117893811068,1.68528482277966,0.009845671435426
1.69013650048744,0.440402808662146,1.69013650048744,0.009860354891884
1.69498817819522,0.439591425747367,1.69498817819522,0.0098817647168
1.699839855903,0.438744778960424,1.699839855903,0.009909811747212
1.70469153361078,0.437862885560038,1.70469153361078,0.009944384027542
1.70954321131856,0.436945790507685,1.70954321131856,0.009985347091472
1.71439488902634,0.435993566476794,1.71439488902634,0.010032544324398
1.71924656673412,0.435006313833128,1.71924656673412,0.010085797404909
1.7240982444419,0.433984160586472,1.7240982444419,0.010144906823448
1.72894992214968,0.432927262313682,1.72894992214968,0.010209652476102
1.73380159985746,0.431835802053222,1.73380159985746,0.010279794331226
1.73865327756524,0.430709990171224,1.73865327756524,0.010355073166358
1.74350495527302,0.429550064199158,1.74350495527302,0.01043521137269
1.7483566329808,0.428356288643171,1.7483566329808,0.0105199138241
1.75320831068858,0.427128954765149,1.75320831068858,0.010608868807581
1.75805998839636,0.425868380335545,1.75805998839636,0.010701749011664
1.76291166610414,0.42457490935805,1.76291166610414,0.010798212569263
1.76776334381192,0.423248911766123,1.76776334381192,0.010897904151161
1.7726150215197,0.421890783091467,1.7726150215197,0.011000456106198
1.77746669922748,0.420500944104489,1.77746669922748,0.011105489644049
1.78231837693526,0.419079840426816,1.78231837693526,0.011212616056333
1.78717005464304,0.41762794211595,1.78717005464304,0.011321437971626
1.79202173235082,0.416145743222135,1.79202173235082,0.011431550639879
1.7968734100586,0.414633761317554,1.7968734100586,0.011542543241562
1.80172508776638,0.413092536997961,1.80172508776638,0.01165400021681
1.80657676547416,0.411522633356915,1.80657676547416,0.011765502609727
1.81142844318194,0.409924635432741,1.81142844318194,0.011876629422974
1.81628012088973,0.40829914962845,1.81628012088973,0.011986958977673
1.82113179859751,0.406646803104814,1.82113179859751,0.012096070273672
1.82598347630529,0.404968243146846,1.82598347630529,0.012203544345178
1.83083515401307,0.403264136503989,1.83083515401307,0.012308965606774
1.83568683172085,0.401535168704322,1.83568683172085,0.012411923184867
1.84053850942863,0.399782043343149,1.84053850942863,0.012512012229668
1.84539018713641,0.398005481346391,1.84539018713641,0.01260883520284
1.85024186484419,0.3962062202092,1.85024186484419,0.01270200313608
1.85509354255197,0.394385013210336,1.85509354255197,0.012791136855978
1.85994522025975,0.392542628602818,1.85994522025975,0.012875868170613
1.86479689796753,0.390679848781459,1.86479689796753,0.012955841013548
1.86964857567531,0.388797469427943,1.86964857567531,0.013030712540969
1.87450025338309,0.386896298634138,1.87450025338309,0.013100154177989
1.87935193109087,0.384977156004408,1.87935193109087,0.01316385261027
1.88420360879865,0.383040871737746,1.88420360879865,0.013221510717382
1.88905528650643,0.381088285690594,1.88905528650643,0.013272848444546
1.89390696421421,0.379120246421293,1.89390696421421,0.013317603609664
1.89875864192199,0.37713761021714,1.89875864192199,0.013355532642808
1.90361031962977,0.375141240105111,1.90361031962977,0.013386411255647
1.90846199733755,0.373132004847363,1.90846199733755,0.013410035038554
1.91331367504533,0.37111077792266,1.91331367504533,0.013426219983488
1.91816535275311,0.369078436494971,1.91816535275311,0.013434802931029
1.92301703046089,0.367035860370498,1.92301703046089,0.013435641940306
1.92786870816867,0.364983930944479,1.92786870816867,0.013428616580868
1.93272038587645,0.362923530139158,1.93272038587645,0.013413628145901
1.93757206358423,0.360855539334342,1.93757206358423,0.013390599786544
1.94242374129201,0.358780838292054,1.94242374129201,0.013359476567384
1.94727541899979,0.356700304076808,1.94727541899979,0.013320225443568
1.95212709670757,0.354614809973088,1.95212709670757,0.013272835160324
1.95697877441535,0.352525224401654,1.95697877441535,0.013217316075971
1.96183045212313,0.350432409836336,1.96183045212313,0.013153699909907
1.96668212983091,0.348337221723016,1.96668212983091,0.013082039417308
1.97153380753869,0.346240507402521,1.97153380753869,0.013002407992639
1.97638548524647,0.34414310503919,1.97638548524647,0.012914899204353
1.98123716295425,0.342045842556899,1.98123716295425,0.012819626263452
1.98608884066203,0.339949536584338,1.98608884066203,0.01271672142885
1.99094051836981,0.337854991411368,1.99094051836981,0.012606335352737
1.99579219607759,0.335762997958287,1.99579219607759,0.012488636369384
2.00064387378537,0.33367433275983,2.00064387378537,0.012363809731041
2.00549555149315,0.331589756965776,2.00549555149315,0.012232056794787
2.01034722920093,0.329510015359961,2.01034722920093,0.012093594164347
2.01519890690871,0.327435835399563,2.01519890690871,0.011948652791085
2.02005058461649,0.325367926276461,2.02005058461649,0.011797477038461
2.02490226232427,0.323306978002483,2.02490226232427,0.011640323714392
2.02975394003205,0.321253660520315,2.02975394003205,0.01147746107601
2.03460561773983,0.319208622841849,2.03460561773983,0.011309167811394
2.03945729544761,0.31717249221567,2.03945729544761,0.011135732002851
2.04430897315539,0.315145873325394,2.04430897315539,0.010957450076373
2.04916065086317,0.313129347520501,2.04916065086317,0.010774625741854
2.05401232857095,0.311123472081259,2.05401232857095,0.010587568928607
2.05886400627873,0.309128779519304,2.05886400627873,0.010396594720697
2.06371568398652,0.307145776915376,2.06371568398652,0.010202022296466
2.0685673616943,0.305174945295639,2.0685673616943,0.010004173876577
2.07341903940208,0.303216739047982,2.07341903940208,0.009803373684727
2.07827071710986,0.30127158537959,2.07827071710986,0.009599946925065
2.08312239481764,0.299339883817046,2.08312239481764,0.009394218780173
2.08797407252542,0.297422005750105,2.08797407252542,0.009186513433286
2.0928257502332,0.295518294020241,2.0928257502332,0.008977153118226
2.09767742794098,0.293629062554963,2.09767742794098,0.008766457200325
2.10252910564876,0.291754596048816,2.10252910564876,0.008554741291361
2.10738078335654,0.289895149691898,2.10738078335654,0.008342316401334
2.11223246106432,0.288050948946629,2.11223246106432,0.00812948812961
2.1170841387721,0.286222189373419,2.1170841387721,0.007916555897772
2.12193581647988,0.284409036505772,2.12193581647988,0.007703812226188
2.12678749418766,0.282611625775299,2.12678749418766,0.0074915420561
2.13163917189544,0.280830062486961,2.13163917189544,0.007280022118743
2.13649084960322,0.279064421844821,2.13649084960322,0.007069520352728
2.141342527311,0.277314749028429,2.141342527311,0.006860295370685
2.14619420501878,0.275581059319905,2.14619420501878,0.00665259597587
2.15104588272656,0.273863338281646,2.15104588272656,0.006446660729195
2.15589756043434,0.272161541984502,2.15589756043434,0.006242717566873
2.16074923814212,0.270475597286157,2.16074923814212,0.006040983468635
2.1656009158499,0.268805402159336,2.1656009158499,0.005841664176225
2.17045259355768,0.267150826069376,2.17045259355768,0.005644953961645
2.17530427126546,0.265511710400581,2.17530427126546,0.005451035444419
2.18015594897324,0.263887868930674,2.18015594897324,0.005260079456903
2.18500762668102,0.262279088352585,2.18500762668102,0.005072244956508
2.1898593043888,0.260685128842696,2.1898593043888,0.004887678983495
2.19471098209658,0.259105724674554,2.19471098209658,0.004706516662823
2.19956265980436,0.257540584877007,2.19956265980436,0.004528881248407
2.20441433751214,0.255989393935591,2.20441433751214,0.00435488420797
2.20926601521992,0.25445181253592,2.20926601521992,0.004184625346551
2.2141176929277,0.252927478347737,2.2141176929277,0.004018192966649
2.21896937063548,0.251416006848217,2.21896937063548,0.00385566406284
2.22382104834326,0.249916992183006,2.22382104834326,0.003697104548661
2.22867272605104,0.248430008063422,2.22867272605104,0.003542569513484
2.23352440375882,0.246954608698161,2.23352440375882,0.003392103507026
2.2383760814666,0.245490329757773,2.2383760814666,0.003245740849144
2.24322775917438,0.244036689370137,2.24322775917438,0.003103505962523
2.24807943688216,0.24259318914505,2.24807943688216,0.002965413725849
2.25293111458994,0.241159315226031,2.25293111458994,0.002831469845092
2.25778279229772,0.239734539367367,2.25778279229772,0.002701671240517
2.2626344700055,0.238318320034375,2.2626344700055,0.002576006447092
2.26748614771328,0.236910103524816,2.26748614771328,0.002454456025989
2.27233782542106,0.235509325109348,2.27233782542106,0.002336992984941
2.27718950312884,0.234115410188875,2.27718950312884,0.002223583205278
2.28204118083662,0.232727775466607,2.28204118083662,0.002114185873516
2.2868928585444,0.231345830132629,2.2868928585444,0.002008753915504
2.29174453625218,0.22996897705875,2.29174453625218,0.001907234431153
2.29659621395996,0.228596614001371,2.29659621395996,0.001809569127931
2.30144789166774,0.227228134810123,2.30144789166774,0.001715694751352
2.30629956937552,0.22586293064,2.30629956937552,0.001625543510838
2.3111512470833,0.224500391164701,2.3111512470833,0.0015390434994
2.31600292479109,0.223139905788924,2.31600292479109,0.001456119105724
2.32085460249887,0.221780864857323,2.32085460249887,0.001376691417338
2.32570628020665,0.220422660857887,2.32570628020665,0.001300678613678
2.33055795791443,0.219064689617477,2.33055795791443,0.001227996347938
2.33540963562221,0.217706351487316,2.33540963562221,0.001158558116765
2.34026131332999,0.216347052516209,2.34026131332999,0.001092275616913
2.34511299103777,0.214986205609339,2.34511299103777,0.00102905908812
2.34996466874555,0.213623231670487,2.34996466874555,0.000968817641568
2.35481634645333,0.212257560725579,2.35481634645333,0.000911459573389
2.35966802416111,0.210888633025493,2.35966802416111,0.000856892662791
2.36451970186889,0.209515900126115,2.36451970186889,0.000805024454467
2.36937137957667,0.208138825943678,2.36937137957667,0.000755762525063
2.37422305728445,0.206756887783462,2.37422305728445,0.000709014733544
2.37907473499223,0.205369577340017,2.37907473499223,0.000664689455416
2.38392641270001,0.203976401667096,2.38392641270001,0.000622695800818
2.38877809040779,0.202576884115583,2.38877809040779,0.000582943816585
2.39362976811557,0.201170565237738,2.39362976811557,0.00054534467245
2.39848144582335,0.19975700365619,2.39848144582335,0.000509810831627
2.40333312353113,0.198335776896142,2.40333312353113,0.000476256206063
2.40818480123891,0.196906482179358,2.40818480123891,0.000444596296713
2.41303647894669,0.195468737178575,2.41303647894669,0.000414748319236
2.41788815665447,0.194022180731051,2.41788815665447,0.000386631315559
2.42273983436225,0.19256647351008,2.42273983436225,0.000360166251776
2.42759151207003,0.191101298653344,2.42759151207003,0.000335276102922
2.43244318977781,0.189626362347106,2.43244318977781,0.000311885925134
2.43729486748559,0.188141394365312,2.43729486748559,0.000289922915793
2.44214654519337,0.186646148562778,2.44214654519337,0.000269316462207
2.44699822290115,0.185140403321714,2.44699822290115,0.000249998179454
2.45184990060893,0.18362396195096,2.45184990060893,0.000231901937981
2.45670157831671,0.182096653037377,2.45670157831671,0.000214963881573
2.46155325602449,0.180558330748954,2.46155325602449,0.000199122436317
2.46640493373227,0.17900887508929,2.46640493373227,0.000184318311162
2.47125661144005,0.177448192103183,2.47125661144005,0.000170494490708
2.47610828914783,0.1758762140332,2.47610828914783,0.00015759622079
2.48095996685561,0.174292899427162,2.48095996685561,0.000145570987494
2.48581164456339,0.172698233196601,2.48581164456339,0.000134368490139
2.49066332227117,0.171092226626334,2.49066332227117,0.000123940608828
2.49551499997895,0.169474917335401,2.49551499997895,0.000114241367089
2.50036667768673,0.167846369189708,2.50036667768673,0.000105226890141
2.50521835539451,0.166206672166825,2.50521835539451,9.68553593074645E-05
2.51007003310229,0.164555942173458,2.51007003310229,8.90869630412404E-05
2.51492171081007,0.162894320816236,2.51492171081007,8.18838450437233E-05
2.51977338851785,0.161221975126535,2.51977338851785,7.52100499133772E-05
2.52462506622563,0.15953909724014,2.52462506622563,6.90314667425426E-05
2.52947674393341,0.157845904032652,2.52947674393341,6.33157710575435E-05
2.53432842164119,0.156142636711629,2.53432842164119,5.80323654722731E-05
2.53918009934898,0.154429560366524,2.53918009934898,5.31523194013677E-05
2.54403177705676,0.152706963477565,2.54403177705676,4.86483081550361E-05
2.54888345476453,0.150975157384828,2.54888345476453,4.44945517137658E-05
2.55373513247231,0.149234475718779,2.55373513247231,4.06667534576855E-05
2.5585868101801,0.147485273793677,2.5585868101801,3.71420391024061E-05
2.56343848788788,0.145727927965286,2.56343848788788,3.38988960707857E-05
2.56829016559566,0.143962834954387,2.56829016559566,3.09171135083394E-05
2.57314184330344,0.142190411137687,2.57314184330344,2.81777231290887E-05
2.57799352101122,0.140411091807735,2.57799352101122,2.56629410584529E-05
2.582845198719,0.138625330403532,2.582845198719,2.33561108205237E-05
2.58769687642678,0.136833597713582,2.58769687642678,2.12416475986523E-05
2.59254855413456,0.135036381053142,2.59254855413456,1.93049838808354E-05
2.59740023184234,0.133234183417508,2.59740023184234,1.75325165848753E-05
2.60225190955012,0.131427522613193,2.60225190955012,1.59115557427685E-05
2.6071035872579,0.129616930368879,2.6071035872579,1.44302748092196E-05
2.61195526496568,0.127802951428073,2.61195526496568,1.30776626456028E-05
2.61680694267346,0.125986142625404,2.61680694267346,1.18434772180909E-05
2.62165862038124,0.124167071948524,2.62165862038124,1.07182010370177E-05
2.62651029808902,0.122346317587596,2.62651029808902,9.69299835383373E-06
2.6313619757968,0.120524466974341,2.6313619757968,8.75967412221527E-06
2.63621365350458,0.118702115812654,2.63621365350458,7.91063472098502E-06
2.64106533121236,0.116879867102774,2.64106533121236,7.13885042844991E-06
2.64591700892014,0.115058330160986,2.64591700892014,6.43781963053985E-06
2.65076868662792,0.113238119636855,2.65076868662792,5.80153473869873E-06
2.6556203643357,0.11141985452994,2.6556203643357,5.22444978779553E-06
2.66047204204348,0.109604157207952,2.66047204204348,4.70144967935526E-06
